scene	kind	move	dur	note
S01	ai_hero	orbit	5.66	도입 훅 - 15세기 유럽 귀족 대연회장과 향신료
S02	ai_still	dolly_in	4.54	난관1 - 중세 정육소와 소금에 절인 고기(염장)
S03	diagram	-	5.66	도해 - 픽토그램 대비 : 통념(썩은고기 방부 ✕) vs 실체(귀족 신선육 소비 ○)
S04	diagram	-	5.42	도해 - 인과 화살표 : 다단계 무역로 + 신분재·중세 의학 수요
S05	ai_hero	dolly_in	5.42	해결1 - 인도양 말라바르(칼리컷) 항구와 무역선 선적
S06	diagram	-	6.06	도해 - 지도 이동 / 수치 그래프 : 산지(1x) → 관세·마진 → 베네치아 독점(60x 폭등)
S07	ai_still	dolly_in	5.93	해결2 - 15세기 유럽 약제상과 사체액설 의학서
S08	ai_hero	crane_up	5.19	요약 - 황혼녘 베네치아 대운하와 산마르코 광장 상인들
S09	diagram	-	6.86	도해 - 인과 요약 + 루프백 (끝 프레임 BG 수렴)
